date, pm25, pm10, o3, no2, so2, co
2022/2/1, 210, 109, 22, 4, , 5
2022/2/2, 187, 117, 12, 4, , 7
2022/2/3, 200, 40, 11, 2, , 2
2022/2/4, 97, 58, , 5, , 5
2022/2/5, 138, 99, , 8, , 9
2022/2/6, 169, 111, 10, 9, , 7
2022/2/7, 154, 139, 10, 10, , 9
2022/2/8, 186, 105, 5, 7, , 5
2022/2/9, 160, 66, 9, 4, , 5
2022/2/10, 132, 85, 14, 4, , 4
2022/2/11, 156, 57, 14, 2, , 4
2022/2/12, 69, , , , , 
2022/2/15, 161, 104, 26, 6, , 6
2022/2/16, 165, 89, 24, 6, , 5
2022/2/17, 155, 90, 25, 6, , 6
2022/2/18, 151, , , , , 
2022/2/20, 129, 87, 13, 8, , 6
2022/2/21, 116, 138, 23, 10, , 5
2022/2/22, 142, 118, 21, 5, , 5
2022/2/23, 175, 128, 23, 11, , 6
2022/2/24, 184, 114, 23, 7, , 5
2022/2/25, 163, 40, 15, 8, , 3
2022/2/26, 50, 54, 16, 4, , 6
2022/2/27, 81, 54, 15, 5, , 8
2022/2/28, 109, , , , , 
2022/1/3, 203, , , , , 
2022/1/5, 245, 82, 5, 7, , 7
2022/1/6, 167, 70, 10, 3, , 5
2022/1/7, 152, 44, 8, 3, , 6
2022/1/8, 98, 35, 8, 4, , 5
2022/1/9, 58, 65, 11, 4, , 5
2022/1/10, 158, 58, 13, 3, , 7
2022/1/11, 153, 65, 14, 4, , 6
2022/1/12, 142, 83, 14, 8, , 9
2022/1/13, 207, 113, 11, 7, , 7
2022/1/14, 201, 81, 9, 3, , 3
2022/1/15, 154, 100, 10, 5, , 7
2022/1/16, 187, 122, 11, 5, , 7
2022/1/17, 194, 125, 10, 5, , 6
2022/1/18, 202, 131, 12, 6, , 7
2022/1/19, 198, 194, 16, 9, , 10
2022/1/20, 261, 120, 15, 7, , 8
2022/1/21, 201, 98, 11, 4, , 6
2022/1/22, 184, 67, 10, 3, , 5
2022/1/23, 157, 52, 11, 3, , 5
2022/1/24, 122, 74, 8, 3, , 6
2022/1/25, 150, 75, 14, 3, , 7
2022/1/26, 151, 66, 19, 4, , 5
2022/1/27, 155, 75, 21, 5, , 4
2022/1/28, 154, 76, 20, 6, , 5
2022/1/29, 153, 97, 22, 7, , 6
2022/1/30, 178, 147, 24, 12, , 10
2022/1/31, 220, 115, 13, 6, , 9
2021/10/1, 107, 57, 9, 7, 1, 5
2021/10/2, 98, 43, 4, 6, 1, 4
2021/10/3, 59, 44, 4, 6, 1, 4
2021/10/4, 57, 58, 8, 6, , 4
2021/10/5, 73, 56, 8, 6, , 4
2021/10/6, 97, 78, 13, 6, , 5
2021/10/7, 135, 97, 12, 8, , 4
2021/10/8, 139, 84, 7, 8, , 4
2021/10/9, 124, 79, 6, 8, , 5
2021/10/10, 111, 84, 4, 8, , 5
2021/10/11, 124, 87, 4, 7, , 5
2021/10/12, 126, 95, 6, 7, , 5
2021/10/13, 148, 94, 27, 6, , 4
2021/10/14, 155, 100, 30, 6, 1, 5
2021/10/15, 161, 124, 42, 8, 1, 7
2021/10/16, 185, 143, 17, 9, 1, 7
2021/10/17, 194, 17, 11, 3, , 4
2021/10/18, 38, 56, 22, 4, , 4
2021/10/19, 109, 89, 32, 6, , 5
2021/10/20, 163, 96, 25, 7, , 4
2021/10/21, 127, 80, 20, 8, , 5
2021/10/22, 105, 86, 24, 8, , 5
2021/10/23, 119, 76, 27, 6, , 4
2021/10/24, 128, 47, 24, 6, , 4
2021/10/25, 91, 82, 25, 7, , 4
2021/10/26, 145, 115, 14, 6, , 11
2021/10/27, 158, 121, 22, 7, , 10
2021/10/28, 184, 126, 22, 8, , 5
2021/10/29, 186, 114, 12, 7, , 4
2021/10/30, 170, 115, 7, 7, , 5
2021/10/31, 168, 129, , 10, , 7
2021/11/1, 176, 140, 16, 9, , 6
2021/11/2, 192, 139, 30, 14, , 11
2021/11/3, 193, 276, 24, 14, , 14
2021/11/4, 360, 282, 18, 10, , 16
2021/11/5, 385, 259, 23, 11, , 17
2021/11/6, 364, 181, 28, 10, , 12
2021/11/7, 256, 175, 27, 11, , 11
2021/11/8, 264, 183, 27, 11, , 11
2021/11/9, 245, 169, 25, 13, , 12
2021/11/10, 255, 199, 9, 10, , 14
2021/11/11, 310, 290, 19, 8, , 11
2021/11/12, 381, 248, 21, 8, , 7
2021/11/13, 314, 121, 25, 7, , 7
2021/11/14, 194, 151, 22, 9, , 8
2021/11/15, 239, 164, 26, 8, , 7
2021/11/16, 262, 137, 28, 8, , 6
2021/11/17, 216, 136, 30, 8, , 9
2021/11/18, 224, 135, 30, 8, , 7
2021/11/19, 231, 144, 32, 8, , 7
2021/11/20, 240, 140, 28, 8, , 7
2021/11/21, 236, 117, 24, 6, , 4
2021/11/22, 186, 101, 24, 6, , 6
2021/11/23, 177, 161, 34, 16, , 12
2021/11/24, 213, 176, 34, 14, , 9
2021/11/25, 248, 179, 34, 11, , 12
2021/11/26, 247, 183, 32, 13, , 13
2021/11/27, 265, 237, 30, 14, , 16
2021/11/28, 309, 131, 23, 7, , 8
2021/11/29, 223, 128, 23, 8, , 7
2021/11/30, 208, 148, 11, 10, , 10
2021/12/1, 239, 198, 7, 8, , 10
2021/12/2, 316, 110, 16, 6, , 8
2021/12/3, 200, 97, 21, 7, , 7
2021/12/4, 185, 122, 20, 10, , 12
2021/12/5, 196, 109, 20, 7, , 6
2021/12/6, 198, 85, 17, 6, , 5
2021/12/7, 171, 87, 19, 7, , 5
2021/12/8, 169, 97, 21, 8, , 7
2021/12/9, 180, 104, 20, 8, , 6
2021/12/10, 184, 84, 19, 8, , 5
2021/12/11, 156, 93, 20, 9, , 7
2021/12/12, 175, 112, 20, 9, , 9
2021/12/13, 191, 163, 22, 11, , 12
2021/12/14, 242, 125, 22, 7, , 8
2021/12/15, 215, 175, 16, 10, 1, 8
2021/12/16, 266, 123, 20, 6, , 4
2021/12/17, 209, 96, 17, 5, , 7
2021/12/18, 174, 98, 21, 5, , 6
2021/12/19, 176, 101, 22, 7, , 6
2021/12/20, 179, 117, 23, 9, 1, 7
2021/12/21, 198, 152, 23, 12, 2, 10
2021/12/22, 229, 242, 25, 18, 1, 15
2021/12/23, 295, 179, 23, 14, , 11
2021/12/24, 251, 240, 30, 13, , 17
2021/12/25, 315, 300, 17, 13, , 19
2021/12/26, 368, 108, 17, 9, , 7
2021/12/27, 196, 136, 5, 12, , 10
2021/12/28, 212, 86, 13, 5, , 8
2021/12/29, 167, 85, 15, 6, 1, 6
2021/12/30, 167, 94, 4, 10, , 11
2021/12/31, 178, 123, 20, 7, , 12
2022/1/1, 216, 121, 21, 7, , 8
2022/1/2, 216, 116, 23, 9, , 8
2021/7/1, 86, 129, 4, 2, 1, 3
2021/7/2, 109, 75, 5, 2, , 2
2021/7/3, 82, 72, 3, 3, , 5
2021/7/4, 90, 75, 7, 3, , 8
2021/7/5, 97, 91, 9, 3, , 6
2021/7/6, 99, 93, 6, 4, , 7
2021/7/7, 104, 119, 11, 3, , 3
2021/7/8, 88, 76, 18, 3, , 4
2021/7/9, 103, 60, 14, 3, , 4
2021/7/10, 85, 64, 10, 2, , 3
2021/7/11, 101, 53, 7, 2, , 3
2021/7/12, 88, 33, 2, 4, , 5
2021/7/13, 64, 36, 7, 4, , 5
2021/7/14, 68, 51, 3, 2, , 5
2021/7/15, 91, 60, 12, 3, , 4
2021/7/16, 103, 59, 9, 3, , 4
2021/7/17, 112, 44, 8, 3, , 4
2021/7/18, 74, 10, 3, 1, , 4
2021/7/19, 29, 32, 10, 3, , 4
2021/7/20, 71, 50, 11, 3, , 4
2021/7/21, 81, 38, 12, 2, , 4
2021/7/22, 69, 42, 12, 2, , 4
2021/7/23, 78, 48, 10, 3, , 5
2021/7/24, 94, 47, 12, 3, , 5
2021/7/25, 84, 56, 15, 3, , 5
2021/7/26, 115, 50, 3, 2, , 4
2021/7/27, 92, 22, 2, 2, 1, 7
2021/7/28, 49, 25, 4, 1, , 8
2021/7/29, 53, 38, 10, 3, , 5
2021/7/30, 83, 21, 9, 2, , 5
2021/7/31, 56, 20, 6, 2, , 5
2021/8/1, 48, 39, 8, 11, , 7
2021/8/2, 95, 46, 11, 14, , 6
2021/8/3, 85, 38, 12, 7, , 4
2021/8/4, 58, 43, 7, 6, 1, 6
2021/8/5, 83, 63, 17, 8, , 6
2021/8/6, 119, 41, 7, 8, , 6
2021/8/7, 96, 46, 8, 8, , 7
2021/8/8, 118, 61, 14, 13, , 9
2021/8/9, 152, 82, 8, 14, , 4
2021/8/10, 90, 63, 7, 13, , 3
2021/8/11, 68, 63, 7, 10, , 4
2021/8/12, 62, 63, 7, 2, , 4
2021/8/13, 68, 63, 9, 2, , 4
2021/8/14, 62, 79, 9, 3, , 4
2021/8/15, 75, 77, 10, 3, , 4
2021/8/16, 79, 90, 14, 4, , 5
2021/8/17, 107, 94, 16, 9, , 6
2021/8/18, 128, 94, 16, 17, , 6
2021/8/19, 139, 59, 8, 17, 1, 6
2021/8/20, 111, 21, 5, 12, , 6
2021/8/21, 66, 34, 8, 7, , 5
2021/8/22, 82, 38, 10, 8, , 5
2021/8/23, 79, 47, 10, 6, , 5
2021/8/24, 97, 63, 7, 5, , 4
2021/8/25, 51, 69, 7, 5, , 4
2021/8/26, 69, 83, 7, 7, , 6
2021/8/27, 86, 89, 13, 9, 1, 8
2021/8/28, 101, 76, 13, 7, , 5
2021/8/29, 117, 33, 15, 5, , 5
2021/8/30, 67, 27, 2, 7, , 6
2021/8/31, 55, 24, 2, 8, , 7
2021/9/1, 56, 36, 17, 8, , 8
2021/9/2, 82, 29, 7, 6, , 5
2021/9/3, 67, 29, 7, 7, 4, 11
2021/9/4, 58, 41, 6, 7, 2, 7
2021/9/5, 69, 44, 13, 7, , 6
2021/9/6, 75, 51, 10, 4, 1, 6
2021/9/7, 105, 37, 7, 5, , 6
2021/9/8, 63, 44, 9, 5, , 6
2021/9/9, 81, 39, 9, 5, , 6
2021/9/10, 86, 17, 4, 7, 1, 6
2021/9/11, 50, 26, 7, 4, , 5
2021/9/12, 67, 46, 11, 8, , 8
2021/9/13, 108, 51, 12, 7, , 7
2021/9/14, 81, 30, 12, 5, 1, 5
2021/9/15, 37, 29, 4, 8, , 6
2021/9/16, 52, 41, 10, 9, 1, 6
2021/9/17, 64, 46, 12, 10, 1, 6
2021/9/18, 82, 45, 9, 8, , 5
2021/9/19, 81, 44, 10, 8, 1, 6
2021/9/20, 78, 51, 8, 8, , 6
2021/9/21, 82, 36, 7, 8, 1, 6
2021/9/22, 63, 32, 7, 5, 1, 5
2021/9/23, 65, 34, 10, 8, 1, 6
2021/9/24, 61, 44, 12, 8, 1, 6
2021/9/25, 93, 49, 12, 10, 2, 6
2021/9/26, 91, 56, 16, 6, 1, 6
2021/9/27, 118, 59, 10, 10, 1, 7
2021/9/28, 103, 46, 8, 7, 1, 6
2021/9/29, 70, 52, 10, 7, 1, 5
2021/9/30, 86, 59, 11, 9, 1, 5
2021/4/1, 114, 107, 19, 3, 5, 4
2021/4/2, 115, 107, 26, 4, 5, 6
2021/4/3, 136, 137, 23, 5, 6, 7
2021/4/4, 146, 152, 31, 6, 4, 9
2021/4/5, 154, 181, 45, 7, 4, 10
2021/4/6, 175, 148, 26, 4, 2, 5
2021/4/7, 130, 99, 23, 4, 4, 7
2021/4/8, 122, 118, 21, 4, 4, 6
2021/4/9, 129, 141, 23, 5, 6, 6
2021/4/10, 140, 134, 23, 6, 5, 7
2021/4/11, 147, 170, 28, 6, 5, 7
2021/4/12, 161, 170, 22, 6, 5, 7
2021/4/13, 147, 174, 21, 5, 5, 6
2021/4/14, 136, 187, 20, 5, 5, 6
2021/4/15, 142, 261, 7, 5, 5, 7
2021/4/16, 162, , , , , 
2021/4/19, 105, 150, 24, 5, 5, 6
2021/4/20, 143, 93, 19, 3, 4, 5
2021/4/21, 122, 89, 27, 4, 2, 6
2021/4/22, 125, 86, 22, 4, 1, 5
2021/4/23, 110, 125, 23, 4, 3, 5
2021/4/24, 130, 193, 25, 4, 7, 7
2021/4/25, 180, 173, 29, 5, 3, 8
2021/4/26, 210, 183, 25, 6, 3, 7
2021/4/27, 145, 231, 24, 6, 5, 6
2021/4/28, 197, 284, 22, 5, 4, 5
2021/4/29, 192, 291, 29, 5, 3, 7
2021/4/30, 169, 127, 26, 5, 1, 7
2021/5/1, 133, 150, 17, 5, 3, 9
2021/5/2, 136, 264, 12, 4, 4, 9
2021/5/3, 145, 125, 12, 5, 4, 10
2021/5/4, 133, 134, 24, 4, 2, 8
2021/5/5, 149, 94, 18, 3, 1, 7
2021/5/6, 119, 101, 27, 4, 2, 7
2021/5/7, 162, 96, 26, 5, 1, 8
2021/5/8, 152, 78, 25, 4, 1, 7
2021/5/9, 118, 78, 27, 4, 1, 7
2021/5/10, 123, 95, 21, 5, 1, 6
2021/5/11, 124, 86, 18, 5, 1, 6
2021/5/12, 86, 61, 21, 4, 1, 5
2021/5/13, 84, 70, 24, 4, 1, 6
2021/5/14, 77, 130, 22, 5, , 6
2021/5/15, 94, 85, 28, 5, 1, 8
2021/5/16, 127, 121, 26, 7, 4, 9
2021/5/17, 164, 46, 10, 5, , 7
2021/5/18, 61, 33, 3, 4, , 6
2021/5/19, 81, 34, 11, 3, , 5
2021/5/20, 74, 35, 13, 4, , 6
2021/5/21, 69, 32, 21, 4, , 5
2021/5/22, 66, 444, 17, 5, 1, 5
2021/5/23, 174, 89, 20, 5, 2, 5
2021/5/24, 118, , 21, 4, 3, 6
2021/5/25, 117, 86, 22, 5, 2, 6
2021/5/26, 121, 93, 20, 5, 1, 5
2021/5/27, 119, 76, 15, 5, 1, 6
2021/5/28, 89, 72, 12, 4, , 5
2021/5/29, 48, 87, 12, 4, , 5
2021/5/30, 62, 90, 14, 5, , 6
2021/5/31, 97, 67, 17, 4, , 4
2021/6/1, 70, 74, 13, 5, , 7
2021/6/2, 106, 93, 23, 5, 4, 6
2021/6/3, 132, 94, 17, 5, , 6
2021/6/4, 117, 70, 18, 6, , 5
2021/6/5, 86, 86, 13, 7, , 5
2021/6/6, 98, 100, 16, 7, 1, 6
2021/6/7, 131, 212, 6, 7, 1, 4
2021/6/8, 122, 142, 6, 7, , 4
2021/6/9, 102, 123, 12, 8, , 5
2021/6/10, 105, 110, 18, 7, , 5
2021/6/11, 99, 71, 12, 5, , 5
2021/6/12, 85, 46, 9, 5, , 6
2021/6/13, 76, 68, 14, 6, , 7
2021/6/14, 101, 68, 10, 5, , 6
2021/6/15, 86, 57, 12, 6, , 7
2021/6/16, 85, 71, 13, 7, , 7
2021/6/17, 118, 50, 12, 4, , 5
2021/6/18, 76, 40, 10, 2, , 3
2021/6/19, 61, 38, 10, 2, , 3
2021/6/20, 62, 56, 13, 3, , 3
2021/6/21, 86, 89, 15, 2, , 3
2021/6/22, 109, 245, 15, 3, 3, 4
2021/6/23, 136, 110, 15, 2, , 4
2021/6/24, 106, 83, 11, 1, , 2
2021/6/25, 93, 72, 11, 4, , 3
2021/6/26, 92, 124, 16, 4, 1, 4
2021/6/27, 154, 96, 13, 3, , 4
2021/6/28, 147, 108, 8, 4, , 4
2021/6/29, 129, 144, 4, 3, , 2
2021/6/30, 104, 115, 4, 2, , 2
2021/1/4, 139, 47, 10, 14, 1, 9
2021/1/5, 118, 100, 8, 10, 2, 11
2021/1/6, 186, 84, 22, 7, 1, 9
2021/1/7, 162, 79, 12, 9, 1, 9
2021/1/8, 153, 95, 19, 7, 2, 8
2021/1/9, 176, 96, 21, 5, 1, 6
2021/1/10, 183, 86, 25, 6, 1, 7
2021/1/11, 172, 93, 23, 9, 1, 9
2021/1/12, 183, 116, 22, 10, 1, 13
2021/1/13, 209, 263, 47, 16, 3, 27
2021/1/14, 375, 234, 36, 15, 2, 21
2021/1/15, 338, 103, 22, 11, 2, 15
2021/1/16, 192, 143, 25, 12, 2, 13
2021/1/17, 240, 151, 28, 11, 2, 15
2021/1/18, 233, 119, 12, 8, 1, 18
2021/1/19, 209, 91, 23, 5, 1, 9
2021/1/20, 177, 86, 37, 13, 1, 8
2021/1/21, 168, 160, 33, 18, 2, 17
2021/1/22, 249, 118, 31, 12, 1, 10
2021/1/23, 193, 126, 20, 8, 1, 10
2021/1/24, 195, 110, 28, 7, 1, 9
2021/1/25, 179, 99, 37, 8, 1, 9
2021/1/26, 172, 111, 38, 11, 1, 8
2021/1/27, 178, 123, 45, 13, 2, 9
2021/1/28, 195, 120, 38, 14, 2, 11
2021/1/29, 196, 115, 28, 15, 2, 10
2021/1/30, 191, 122, 38, 17, 5, 11
2021/1/31, 187, 173, 28, 17, 4, 16
2021/2/1, 240, 146, 54, 21, 4, 11
2021/2/2, 218, 133, 36, 16, 3, 10
2021/2/3, 195, 108, 31, 14, 2, 9
2021/2/4, 179, 73, 27, 9, 2, 7
2021/2/5, 149, 76, 36, 7, 2, 9
2021/2/6, 158, 114, 40, 9, 3, 12
2021/2/7, 192, 89, 48, 10, 2, 9
2021/2/8, 173, 90, 25, 15, 3, 9
2021/2/9, 151, 137, 51, 15, 3, 14
2021/2/10, 198, 116, 43, 9, 3, 14
2021/2/11, 194, 113, 50, 9, 3, 13
2021/2/12, 193, 97, 51, 8, 1, 14
2021/2/13, 177, 136, 67, 13, 2, 15
2021/2/14, 200, 143, 53, 12, 2, 14
2021/2/15, 198, 150, 65, 15, 4, 12
2021/2/16, 203, 102, 43, 12, 3, 11
2021/2/17, 176, 108, 54, 13, 3, 11
2021/2/18, 178, 116, 32, 11, 6, 11
2021/2/19, 186, 74, 36, 10, 1, 12
2021/2/20, 150, 115, 62, 13, , 16
2021/2/21, 187, 97, 33, 15, , 13
2021/2/22, 158, 63, 43, 6, 4, 4
2021/2/23, 107, 91, 48, 6, 10, 5
2021/2/24, 137, 116, 24, 9, 8, 6
2021/2/25, 137, 101, 33, 11, 5, 8
2021/2/26, 138, 98, 30, 10, 3, 8
2021/2/27, 110, 156, 43, 11, 17, 9
2021/2/28, 182, 120, 43, 10, 14, 8
2021/3/1, 163, 132, 9, 9, 18, 9
2021/3/2, 156, 109, 36, 10, 11, 9
2021/3/3, 145, 131, 55, 14, 6, 18
2021/3/4, 152, 185, 42, 10, 13, 13
2021/3/5, 197, 101, 44, 9, 9, 9
2021/3/6, 150, 140, 46, 13, 7, 14
2021/3/7, 154, 130, 60, 11, 6, 15
2021/3/8, 164, 138, 52, 12, 4, 13
2021/3/9, 162, 86, 38, 9, 12, 10
2021/3/10, 128, 137, 50, 13, 8, 10
2021/3/11, 179, 110, 32, 11, 7, 9
2021/3/12, 144, 142, 45, 10, 15, 11
2021/3/13, 182, 113, 39, 8, 12, 9
2021/3/14, 162, 134, 34, 9, 17, 9
2021/3/15, 177, 179, 27, 9, 13, 8
2021/3/16, 178, 205, 35, 9, 15, 9
2021/3/17, 175, 186, 34, 10, 13, 11
2021/3/18, 174, 177, 31, 10, 17, 8
2021/3/19, 162, 128, 41, 10, 12, 7
2021/3/20, 148, 137, 44, 11, 7, 8
2021/3/21, 153, 122, 37, 10, 7, 5
2021/3/22, 133, 137, 22, 9, 7, 7
2021/3/23, 117, 97, 40, 8, 11, 7
2021/3/24, 121, 127, 18, 5, 9, 6
2021/3/25, 144, 104, 22, 4, 5, 7
2021/3/26, 150, 111, 25, 5, 3, 7
2021/3/27, 146, 142, 26, 5, 4, 8
2021/3/28, 167, , , , , 
2021/3/30, 137, 98, 15, 2, , 3
2021/3/31, 75, 129, 17, 3, 4, 6
2020/10/1, 133, 112, 56, 7, 4, 10
2020/10/2, 146, 109, 63, 7, 5, 10
2020/10/3, 147, 112, 68, 8, 6, 12
2020/10/4, 150, 118, 65, 9, 6, 13
2020/10/5, 144, 112, 68, 9, 7, 11
2020/10/6, 147, 114, 72, 8, 8, 11
2020/10/7, 154, 115, 65, 6, 7, 13
2020/10/8, 151, 116, 89, 9, 7, 15
2020/10/9, 164, 147, 55, 9, 8, 11
2020/10/10, 164, 130, 75, 10, 6, 12
2020/10/11, 161, 130, 75, 11, 6, 16
2020/10/12, 171, 145, 81, 13, 5, 17
2020/10/13, 181, 146, 71, 10, 10, 13
2020/10/14, 182, 163, 55, 10, 9, 13
2020/10/15, 200, 125, 60, 12, 6, 11
2020/10/16, 171, 140, 62, 13, 6, 13
2020/10/17, 181, 128, 55, 12, 7, 13
2020/10/18, 167, 122, 55, 11, 7, 10
2020/10/19, 161, 122, 57, 14, 8, 14
2020/10/20, 165, 131, 57, 18, 8, 14
2020/10/21, 156, 188, 67, 22, 11, 15
2020/10/22, 196, 203, 84, 18, 14, 14
2020/10/23, 237, 182, 64, 18, 9, 17
2020/10/24, 224, 177, 98, 21, 13, 13
2020/10/25, 219, 183, 68, 18, 9, 13
2020/10/26, 217, 159, 55, 13, 5, 11
2020/10/27, 208, 170, 52, 20, 4, 15
2020/10/28, 218, 221, 11, 20, 7, 17
2020/10/29, 284, 154, 47, 12, 8, 11
2020/10/30, 191, 269, 54, 14, 7, 14
2020/10/31, 294, 179, 49, 15, 6, 11
2020/11/1, 219, 125, 39, 17, 7, 11
2020/11/2, 175, 137, 50, 19, 7, 12
2020/11/3, 170, 300, 33, 22, 7, 18
2020/11/4, 312, 289, 49, 25, 6, 18
2020/11/5, 321, 278, 44, 29, 6, 15
2020/11/6, 277, 333, 64, 20, 6, 15
2020/11/7, 334, 358, 50, 14, 8, 17
2020/11/8, 360, 625, 29, 15, 5, 24
2020/11/9, 547, 456, 40, 14, 6, 20
2020/11/10, 433, 214, 53, 11, 3, 18
2020/11/11, 246, 184, 76, 10, 4, 12
2020/11/12, 226, 143, 54, 7, 3, 13
2020/11/13, 223, 307, 78, 9, 6, 15
2020/11/14, 359, 224, 69, 8, 7, 10
2020/11/15, 287, 85, 36, 5, 2, 10
2020/11/16, 171, 83, 31, 5, 2, 12
2020/11/17, 152, 101, 52, 7, 2, 11
2020/11/18, 180, 130, 61, 10, 2, 9
2020/11/19, 212, 189, 63, 11, 3, 11
2020/11/20, 286, 128, 45, 10, 2, 10
2020/11/21, 202, 117, 48, 11, 3, 8
2020/11/22, 183, 129, 58, 13, 2, 10
2020/11/23, 192, 241, 76, 17, 7, 16
2020/11/24, 257, 241, 52, 19, 6, 15
2020/11/25, 285, 113, 38, 10, 4, 9
2020/11/26, 190, 72, 36, 7, 2, 7
2020/11/27, 152, 123, 44, 6, 2, 8
2020/11/28, 172, 92, 44, 10, 2, 10
2020/11/29, 167, 171, 53, 6, 5, 9
2020/11/30, 192, 139, 59, 7, 4, 11
2020/12/1, 215, 135, 55, 8, 4, 9
2020/12/2, 207, 123, 58, 10, 3, 10
2020/12/3, 194, 174, 81, 10, 5, 14
2020/12/4, 237, 200, 69, 12, 3, 12
2020/12/5, 273, 192, 49, 10, 3, 13
2020/12/6, 275, 199, 36, 8, 2, 13
2020/12/7, 281, 116, 57, 5, 2, 12
2020/12/8, 202, 131, 51, , 5, 12
2020/12/9, 197, 110, 32, 13, 3, 10
2020/12/10, 179, 136, 26, 19, 3, 12
2020/12/11, 206, 168, 23, 13, 2, 13
2020/12/12, 258, 64, 19, 9, 1, 8
2020/12/13, 152, 67, 30, 7, 1, 5
2020/12/14, 149, 77, 29, 9, 1, 7
2020/12/15, 161, 94, 21, 9, 1, 7
2020/12/16, 177, 105, 27, 8, 1, 7
2020/12/17, 184, 90, 39, 10, 2, 8
2020/12/18, 166, 118, 42, 13, 3, 12
2020/12/19, 193, 118, 41, 14, 4, 11
2020/12/20, 192, 126, 45, 14, 4, 9
2020/12/21, 205, 133, 43, 14, 3, 11
2020/12/22, 228, 165, 36, 16, 4, 14
2020/12/23, 263, 132, 38, 13, 2, 15
2020/12/24, 227, 115, 40, 13, 2, 10
2020/12/25, 201, 118, 39, 13, 2, 12
2020/12/26, 202, 202, 43, , 4, 17
2020/12/27, 256, 133, 27, 12, 2, 8
2020/12/28, 154, 130, 34, 12, 2, 11
2020/12/29, 177, 112, 25, 10, 1, 9
2020/12/30, 191, 125, , 14, 3, 13
2020/12/31, 227, , , , , 
2020/7/1, 125, 108, 22, 5, 5, 9
2020/7/2, 156, 97, 28, 3, 5, 7
2020/7/3, 135, 73, 17, 3, 3, 6
2020/7/4, 111, 41, 29, 3, 4, 7
2020/7/5, 83, 67, 21, 5, 4, 6
2020/7/6, 135, 33, 10, 3, 4, 1
2020/7/7, 59, 29, 12, 2, 4, 2
2020/7/8, 81, 37, 16, 4, 5, 5
2020/7/9, 75, 62, 9, 3, 3, 2
2020/7/10, 81, 51, 9, 4, 5, 3
2020/7/11, 93, 33, 9, 2, 5, 5
2020/7/12, 67, 81, 8, 3, 4, 1
2020/7/13, 95, 85, 12, 4, 4, 1
2020/7/14, 103, 86, 17, 3, 4, 2
2020/7/15, 134, 57, 10, 4, 4, 4
2020/7/16, 98, 67, 9, 5, 4, 3
2020/7/17, 154, 70, 19, 6, 3, 6
2020/7/18, 121, 37, 10, 3, 4, 4
2020/7/19, 88, 26, 11, 1, 4, 2
2020/7/20, 57, 44, 4, 6, 4, 7
2020/7/21, 120, 19, 2, 3, 4, 8
2020/7/22, 70, 44, 9, 4, 4, 3
2020/7/23, 107, 63, 9, 6, 4, 3
2020/7/24, 129, 48, 10, 4, 3, 4
2020/7/25, 111, 57, 17, 4, 2, 5
2020/7/26, 121, 56, 10, 3, 3, 1
2020/7/27, 94, 45, 8, 3, 3, 1
2020/7/28, 68, 62, 7, 7, 3, 2
2020/7/29, 76, 22, 7, 3, 4, 1
2020/7/30, 66, 51, 14, , 3, 2
2020/7/31, 93, 48, 9, 3, 4, 4
2020/8/1, 85, 39, 8, 2, 3, 8
2020/8/2, 65, 39, 7, 2, 3, 10
2020/8/3, 66, 41, 10, 2, 4, 8
2020/8/4, 82, 59, 6, 7, 4, 10
2020/8/5, 117, 34, 5, 3, 2, 8
2020/8/6, 51, 36, 9, 2, 2, 9
2020/8/7, 79, 58, 15, 4, 4, 9
2020/8/8, 139, 25, 8, 1, 4, 6
2020/8/9, 65, 39, 6, 3, 4, 10
2020/8/10, 93, 42, 8, 2, 5, 10
2020/8/11, 96, 39, 5, 1, 4, 6
2020/8/12, 57, 20, 2, 2, 4, 9
2020/8/13, 48, 40, 4, 7, 5, 11
2020/8/14, 98, 49, 3, 2, 6, 9
2020/8/15, 338, 37, 4, 3, 4, 9
2020/8/17, 78, 51, 5, 10, 4, 13
2020/8/18, 93, 38, 4, 12, 4, 8
2020/8/19, 89, 26, 11, 10, 4, 9
2020/8/20, 68, 34, 7, 7, 3, 10
2020/8/21, 54, 28, 5, 3, 5, 10
2020/8/22, 34, 23, 5, 2, 3, 8
2020/8/23, 54, 21, , 2, 2, 10
2020/8/24, 39, 29, 4, 2, 2, 7
2020/8/25, 43, 17, 6, 2, 3, 11
2020/8/26, 25, 24, 2, 4, 3, 11
2020/8/27, 43, 32, 7, 5, 2, 10
2020/8/28, 51, 53, 8, 8, 4, 11
2020/8/29, 103, 33, 3, 3, 3, 8
2020/8/30, 56, 18, 2, 1, 3, 8
2020/8/31, 23, 28, 3, 3, 3, 8
2020/9/1, 43, 27, 6, 2, 4, 7
2020/9/2, 38, 55, 4, 4, 3, 7
2020/9/3, 91, 46, 2, 3, 4, 7
2020/9/4, 101, 40, 9, 3, 3, 7
2020/9/5, 82, 29, 9, 3, 2, 8
2020/9/6, 58, 40, 5, 5, 3, 10
2020/9/7, 78, 49, 8, 3, 3, 7
2020/9/8, 85, 69, 9, 3, 3, 8
2020/9/9, 142, 76, 7, 5, 3, 10
2020/9/10, 140, 91, 8, 4, 3, 8
2020/9/11, 155, 99, 10, 4, 4, 8
2020/9/12, 163, 106, 11, 3, 4, 8
2020/9/13, 181, 100, 5, 4, 5, 10
2020/9/14, 161, 83, 7, 5, 3, 10
2020/9/15, 144, 100, 3, 3, 4, 13
2020/9/16, 151, 71, 7, 3, 4, 10
2020/9/17, 109, 66, 9, 4, 3, 4
2020/9/18, 101, 79, 12, 5, 4, 9
2020/9/19, 115, 86, 12, 5, 5, 10
2020/9/20, 133, 88, 14, 5, 5, 11
2020/9/21, 147, 69, 8, 5, 4, 12
2020/9/22, 113, 55, 10, 6, 5, 11
2020/9/23, 81, 62, 11, 5, 4, 11
2020/9/24, 90, 87, 16, 5, 4, 11
2020/9/25, 141, 89, 2, 3, 5, 13
2020/9/26, 115, 67, 1, 2, 3, 11
2020/9/27, 80, 150, 2, 2, 4, 10
2020/9/28, 135, 109, 2, 2, 3, 11
2020/9/29, 144, 100, 2, 2, 3, 11
2020/9/30, 133, 105, 9, 5, 4, 12
2020/4/8, 65, 76, 35, 5, 8, 3
2020/4/9, 136, 87, 26, 5, 4, 2
2020/4/10, 82, 89, 38, 6, 6, 3
2020/4/11, 121, 90, 32, 4, 10, 4
2020/4/12, 121, 116, 29, 7, 10, 4
2020/4/13, 128, 141, 28, 8, 9, 6
2020/4/14, 148, 130, 17, 8, 5, 
2020/4/15, 124, 117, 20, 6, 9, 
2020/4/16, 127, 74, 26, 3, 6, 
2020/4/17, 83, 76, 24, 3, 4, 
2020/4/18, 69, 76, 23, 5, 5, 
2020/4/19, 101, 118, 16, 11, 4, 7
2020/4/20, 149, 93, 18, 5, 5, 7
2020/4/21, 106, 96, 17, 9, 3, 1
2020/4/22, 98, 99, 15, 6, 3, 
2020/4/23, 112, 108, 19, 6, 4, 1
2020/4/24, 135, 62, 16, 3, 3, 2
2020/4/25, 49, 81, 15, 3, 4, 2
2020/4/26, 100, 37, 4, , 1, 
2020/4/27, 55, , 12, , , 
2020/4/30, 124, 97, 18, 5, 5, 4
2020/5/1, 135, 65, 10, 3, 3, 7
2020/5/2, 77, , 14, 2, 5, 6
2020/5/4, 74, 89, 14, 5, 5, 8
2020/5/5, 137, 106, 14, 4, 4, 5
2020/5/6, 100, 65, 15, 4, 5, 4
2020/5/7, 98, 87, 14, 5, 6, 4
2020/5/8, 144, 84, 20, 4, 6, 2
2020/5/9, 120, 80, 13, 4, 6, 5
2020/5/10, 119, 64, 17, 4, 6, 5
2020/5/11, 92, 71, 17, 4, 6, 4
2020/5/12, 103, 113, 13, 5, 7, 4
2020/5/13, 144, 74, 12, 6, 3, 7
2020/5/14, 125, 78, 11, 4, 5, 9
2020/5/15, 111, 100, 6, 5, 7, 7
2020/5/16, 114, 113, 11, 6, 6, 7
2020/5/17, 155, 123, 8, 7, 6, 12
2020/5/18, 155, 180, 7, 9, 6, 11
2020/5/19, 195, 153, 3, 9, 10, 13
2020/5/20, 173, 130, 4, 6, 9, 11
2020/5/21, 134, 137, 2, 16, 8, 13
2020/5/22, 166, 125, 5, 9, 5, 4
2020/5/23, 126, 109, 7, 4, 5, 3
2020/5/24, 107, 119, 9, 8, 7, 8
2020/5/25, 136, 138, 8, 9, 5, 6
2020/5/26, 123, 109, 7, 6, 7, 9
2020/5/27, 121, 152, 6, 2, 4, 16
2020/5/28, 95, 46, 3, 4, 3, 3
2020/5/29, 65, 30, 4, 6, 3, 3
2020/5/30, 53, 25, 2, 2, 5, 20
2020/5/31, 53, 55, 4, 6, 5, 15
2020/6/1, 97, 59, 5, 4, 1, 14
2020/6/2, 79, 71, 1, 9, 2, 
2020/6/3, 107, 48, 2, 4, 4, 11
2020/6/4, 91, 54, 5, 6, 3, 5
2020/6/5, 98, 58, 6, 5, 4, 5
2020/6/6, 90, 51, 3, 5, 4, 5
2020/6/7, 84, 67, 7, 5, 3, 7
2020/6/8, 101, 91, 10, 6, 5, 6
2020/6/9, 126, 80, 10, 7, 4, 5
2020/6/10, 96, 90, 8, 4, 5, 5
2020/6/11, 92, 102, 10, 6, 5, 7
2020/6/12, 148, 82, 6, 5, 5, 5
2020/6/13, 119, 101, 13, 6, 5, 7
2020/6/14, 150, 91, 14, 4, 5, 6
2020/6/15, 112, 72, 16, 6, 4, 6
2020/6/16, 96, 69, 20, 4, 3, 7
2020/6/17, 89, 72, 16, 3, 2, 5
2020/6/18, 84, 190, 9, 2, 3, 5
2020/6/19, 130, 88, 10, 2, 3, 6
2020/6/20, 82, 61, 7, 5, 4, 8
2020/6/21, 87, 61, 10, 6, 5, 60
2020/6/22, 97, 49, 11, 3, 4, 38
2020/6/23, 75, 49, 9, 2, 4, 35
2020/6/24, 83, 36, 11, 2, 2, 60
2020/6/25, 66, 68, 8, 1, 2, 35
2020/6/26, 76, 95, 7, 3, 3, 76
2020/6/27, 95, 228, 7, 5, 3, 74
2020/6/28, 127, 122, 13, 3, 4, 32
2020/6/29, 102, 81, 26, 3, 3, 20
2020/6/30, 106, 87, 26, 3, 4, 76
2020/1/1, 299, 238, 24, 23, 3, 19
2020/1/2, 317, 119, 25, 17, 3, 9
2020/1/3, 209, 108, 22, 13, 3, 7
2020/1/4, 200, 138, 11, 15, 6, 7
2020/1/5, 228, 116, 12, 15, 2, 6
2020/1/6, 198, 93, 9, 17, 1, 6
2020/1/7, 175, 78, 6, 11, 2, 6
2020/1/8, 171, 67, 13, 7, 2, 3
2020/1/9, 152, 77, 22, 11, 2, 6
2020/1/10, 166, 95, 27, 13, 2, 7
2020/1/11, 179, 111, 21, 14, 2, 7
2020/1/12, 195, 153, 20, 16, 2, 11
2020/1/13, 228, 70, 14, 9, 2, 4
2020/1/14, 160, 81, 23, 10, 2, 5
2020/1/15, 169, 94, 7, 10, 2, 5
2020/1/16, 176, 83, 13, 8, 1, 6
2020/1/17, 172, 95, 10, 14, 2, 9
2020/1/18, 177, 89, 20, 7, 2, 8
2020/1/19, 174, 91, 16, 7, 2, 6
2020/1/20, 171, 178, 23, 15, 2, 13
2020/1/21, 242, 113, 12, 12, 2, 12
2020/1/22, 205, 71, 22, 8, 2, 3
2020/1/23, 144, 63, 26, 8, 2, 3
2020/1/24, 135, 84, 29, 12, 2, 5
2020/1/25, 165, 96, 26, 10, 2, 5
2020/1/26, 180, 144, 15, 23, 2, 10
2020/1/27, 207, 80, 20, 11, 2, 8
2020/1/28, 167, 60, 22, 8, 2, 4
2020/1/29, 128, 67, 18, 10, 2, 5
2020/1/30, 145, 75, 14, 12, 2, 6
2020/1/31, 153, 95, 26, 12, 2, 7
2020/2/1, 172, 100, 24, 11, 1, 5
2020/2/2, 171, 94, 27, 14, 2, 6
2020/2/3, 172, 153, 30, 18, 3, 12
2020/2/4, 204, 153, 17, 15, 2, 9
2020/2/5, 228, 84, 25, 11, 2, 7
2020/2/6, 165, 127, 27, 14, 4, 6
2020/2/7, 196, 106, 28, 9, 4, 5
2020/2/8, 185, 107, 29, 11, 4, 4
2020/2/9, 187, 116, 30, 10, 4, 5
2020/2/10, 199, 120, 30, 12, 4, 8
2020/2/11, 203, 138, 26, 12, 3, 5
2020/2/12, 217, 108, 18, 9, 3, 3
2020/2/13, 185, 114, 32, 9, 5, 6
2020/2/14, 178, 110, 39, 12, 12, 6
2020/2/15, 180, 115, 47, 14, 10, 4
2020/2/16, 188, 127, 14, 20, 6, 7
2020/2/17, 199, 100, 43, 13, 6, 7
2020/2/18, 165, 137, 36, 20, 6, 10
2020/2/19, 187, 116, 46, 7, 6, 8
2020/2/20, 160, 60, 28, 8, 4, 4
2020/2/21, 116, 87, 29, 15, 5, 7
2020/2/22, 160, 119, 34, 10, 7, 7
2020/2/23, 197, 102, 26, 15, 6, 6
2020/2/24, 174, 108, 43, 12, 5, 9
2020/2/25, 187, 85, 40, 12, 6, 4
2020/2/26, 158, 114, 26, 19, 2, 10
2020/2/27, 165, 93, 40, 7, 4, 7
2020/2/28, 161, 76, 42, 8, 3, 2
2020/2/29, 151, 61, 22, 13, 4, 4
2020/3/1, 121, 97, 32, 14, 4, 6
2020/3/2, 172, 123, 1, 15, 4, 10
2020/3/3, 184, 86, 40, 8, 5, 3
2020/3/4, 127, 43, 28, 6, 3, 2
2020/3/5, 72, 23, 24, 10, 2, 3
2020/3/6, 54, 44, 29, 7, 3, 6
2020/3/7, 84, , , , , 
2020/3/9, 105, 96, 47, 9, 7, 5
2020/3/10, 156, 69, 38, 10, 4, 5
2020/3/11, 126, 97, 23, 14, 5, 8
2020/3/12, 112, 133, 32, 9, 10, 5
2020/3/13, 152, 100, 31, 9, 5, 2
2020/3/14, 147, 106, 52, 13, 7, 4
2020/3/15, 167, 102, 38, 10, 7, 3
2020/3/16, 154, 69, 21, 10, 3, 8
2020/3/17, 115, 102, 42, 13, 7, 7
2020/3/18, 157, 95, 37, 13, 6, 4
2020/3/19, 144, 121, 15, 18, 2, 11
2020/3/20, 166, 93, 32, 14, 6, 7
2020/3/21, 145, 96, 40, 12, 7, 5
2020/3/22, 156, 80, 32, 6, 8, 4
2020/3/23, 140, 74, 33, 7, 5, 4
2020/3/24, 121, , 25, 4, 4, 2
2020/3/25, 106, , 16, 3, 7, 2
2020/3/26, 125, , 20, 2, 4, 1
2020/3/27, 78, , , , , 
2019/10/1, 84, 67, 45, 6, 4, 6
2019/10/2, 100, 73, 44, 7, 3, 6
2019/10/3, 120, 50, 37, 5, 3, 4
2019/10/4, 85, 64, 38, 6, 3, 1
2019/10/5, 88, 83, 42, 8, 3, 5
2019/10/6, 129, 81, 38, 5, 3, 5
2019/10/7, 128, 77, 40, 5, 3, 3
2019/10/8, 110, 98, 51, 10, 4, 7
2019/10/9, 141, 117, 65, 12, 4, 9
2019/10/10, 169, 84, 47, 6, 4, 5
2019/10/11, 146, 101, 51, 9, 3, 7
2019/10/12, 160, 148, 44, 11, 4, 7
2019/10/13, 173, 113, 44, 10, 4, 6
2019/10/14, 168, 145, 40, 15, 4, 9
2019/10/15, 174, 162, 75, 23, 4, 15
2019/10/16, 195, 134, 43, 20, 4, 11
2019/10/17, 182, 114, 37, 11, 4, 12
2019/10/18, 169, 91, 47, 17, 5, 59
2019/10/19, 168, 86, 37, 13, 4, 42
2019/10/20, 153, 97, 40, 12, 5, 43
2019/10/21, 168, 95, 38, 14, 4, 31
2019/10/22, 153, 114, 32, 13, 4, 23
2019/10/23, 170, 148, 59, 17, 4, 12
2019/10/24, 196, 134, 53, 20, 4, 11
2019/10/25, 183, 125, 40, 17, 4, 12
2019/10/26, 184, 136, 34, 8, 3, 8
2019/10/27, 213, 162, 32, 5, 5, 8
2019/10/28, 248, 197, 16, 7, 4, 11
2019/10/29, 278, 184, 21, 5, 4, 10
2019/10/30, 258, 270, 20, 6, 3, 11
2019/10/31, 312, 390, 30, 7, 3, 14
2019/11/1, 399, 342, 10, 4, 2, 11
2019/11/2, 364, 492, 6, 4, 2, 14
2019/11/3, 488, 171, 11, 4, 3, 7
2019/11/4, 253, 110, 2, 3, 2, 5
2019/11/5, 187, 99, 9, 5, 4, 6
2019/11/6, 154, 152, 4, 8, 4, 9
2019/11/7, 229, 135, 10, 5, 4, 7
2019/11/8, 214, 129, 6, 4, 3, 5
2019/11/9, 222, 119, 8, 4, 2, 5
2019/11/10, 201, 158, 7, 5, 2, 7
2019/11/11, 238, 238, 5, 5, 3, 9
2019/11/12, 335, 371, 6, 6, 2, 11
2019/11/13, 432, 346, 3, 5, 2, 11
2019/11/14, 402, 313, 2, 5, 2, 11
2019/11/15, 393, 186, 2, 4, 2, 7
2019/11/16, 273, 169, 1, 3, 3, 3
2019/11/17, 164, 65, 1, 4, 2, 3
2019/11/18, 149, 88, 2, 4, 3, 5
2019/11/19, 165, 130, 2, 6, 3, 7
2019/11/20, 208, 198, 8, 8, 4, 16
2019/11/21, 258, 157, 2, 7, 3, 9
2019/11/22, 237, 123, 1, 5, 2, 6
2019/11/23, 212, 109, 1, 4, 2, 5
2019/11/24, 193, 115, 2, 5, 2, 6
2019/11/25, 188, 125, 24, 5, 3, 9
2019/11/26, 175, 75, 14, 5, 2, 4
2019/11/27, 138, 40, 18, 6, 2, 3
2019/11/28, 82, 61, 30, 8, 3, 5
2019/11/29, 127, 73, 24, 7, 3, 4
2019/11/30, 161, 89, 38, 9, 3, 5
2019/12/1, 174, 99, 37, 10, 3, 5
2019/12/2, 177, 104, 37, 12, 4, 5
2019/12/3, 181, 118, 39, 16, 3, 7
2019/12/4, 192, 149, 46, 16, 3, 8
2019/12/5, 234, 177, 36, 15, 2, 9
2019/12/6, 288, 141, 41, 14, 3, 8
2019/12/7, 237, 125, 37, 15, 2, 7
2019/12/8, 221, 121, 41, 14, 2, 7
2019/12/9, 212, 131, 44, 14, 2, 8
2019/12/10, 225, 190, 46, 20, 3, 13
2019/12/11, 269, 262, 35, 22, 3, 16
2019/12/12, 312, 69, 20, 4, 4, 5
2019/12/13, 168, 72, 20, 11, 4, 6
2019/12/14, 149, 79, 21, 7, 3, 5
2019/12/15, 166, 71, 15, 4, 3, 4
2019/12/16, 159, 70, 14, 4, 3, 4
2019/12/17, 160, 95, 24, 7, 3, 5
2019/12/18, 178, 157, 7, 17, 2, 12
2019/12/19, 251, 148, 12, 12, 2, 10
2019/12/20, 244, 146, 14, 10, 2, 8
2019/12/21, 230, 95, 14, 8, 3, 7
2019/12/22, 180, 116, 12, 7, 2, 7
2019/12/23, 194, 183, 23, 20, 3, 11
2019/12/24, 243, 111, 11, 7, 2, 6
2019/12/25, 183, 155, 13, 10, 3, 7
2019/12/26, 220, 151, 18, 10, 2, 8
2019/12/27, 224, 127, 11, 10, 2, 10
2019/12/28, 207, 282, 17, 16, 3, 13
2019/12/29, 301, , , , , 
2019/7/1, 111, 92, 61, 7, 8, 6
2019/7/2, 156, 54, 35, 8, 5, 5
2019/7/3, 101, 33, 24, 11, 5, 6
2019/7/4, 87, 42, 15, 16, 5, 7
2019/7/5, 131, 57, 30, 13, 5, 6
2019/7/6, 87, 53, 29, 11, 6, 6
2019/7/7, 104, 68, 17, 11, 4, 5
2019/7/8, 94, 69, 16, 11, 4, 5
2019/7/9, 92, 134, 18, 10, 6, 5
2019/7/10, 125, 145, 22, 9, , 5
2019/7/11, 136, 124, 18, 10, , 5
2019/7/12, 129, 98, 21, 7, 5, 4
2019/7/13, 105, 101, 21, 9, 6, 5
2019/7/14, 119, 72, 15, 14, 7, 6
2019/7/15, 92, 38, 24, 14, 5, 7
2019/7/16, 88, 22, 25, 9, 4, 5
2019/7/17, 69, 15, 31, 7, 5, 5
2019/7/18, 56, 45, 36, 12, 6, 8
2019/7/19, 115, 35, 27, 9, 4, 6
2019/7/20, 81, 61, 37, 9, 3, 7
2019/7/21, 103, 54, , 19, 4, 12
2019/7/22, 96, 72, 45, 17, 5, 10
2019/7/23, 131, 70, 38, 11, 5, 7
2019/7/24, 117, 16, 21, 7, 5, 5
2019/7/25, 31, 28, 22, 11, 4, 6
2019/7/26, 71, 20, 21, 11, 4, 9
2019/7/27, 55, 23, 18, 8, 4, 6
2019/7/28, 52, 33, 22, 10, 4, 7
2019/7/29, 51, 48, 26, 14, 5, 7
2019/7/30, 67, 43, 34, 10, 4, 7
2019/7/31, 72, 54, 33, 11, 4, 7
2019/8/1, 88, 47, 23, 11, 5, 8
2019/8/2, 100, 40, 24, 15, 4, 8
2019/8/3, 100, 39, 33, 14, 5, 9
2019/8/4, 98, 43, 32, 12, 4, 8
2019/8/5, 106, 32, 13, 12, 4, 8
2019/8/6, 78, 42, 29, 17, 4, 10
2019/8/7, 56, 32, 27, 14, 4, 10
2019/8/8, 49, 23, 17, 10, 4, 6
2019/8/9, 22, 19, 17, 8, 4, 27
2019/8/10, 30, 25, 20, 9, 4, 18
2019/8/11, 46, 14, 13, 7, 4, 19
2019/8/12, 31, 19, 17, 7, 3, 24
2019/8/13, 42, 24, 27, 11, 4, 3
2019/8/14, 78, 34, 23, 9, 4, 5
2019/8/15, 69, 23, 14, 8, 5, 18
2019/8/16, 38, 10, 6, 7, 4, 
2019/8/17, 21, 12, 17, 6, 4, 
2019/8/18, 21, 40, 23, 10, 3, 
2019/8/19, 60, 47, 28, 8, 4, 3
2019/8/20, 75, 66, 35, 8, 4, 4
2019/8/21, 84, 54, 25, 13, 4, 5
2019/8/22, 66, 69, 30, 11, 4, 4
2019/8/23, 90, 75, 28, 13, 4, 6
2019/8/24, 108, 47, 25, 12, 3, 5
2019/8/25, 75, 42, 28, 14, 4, 5
2019/8/26, 53, 61, 56, 16, 5, 6
2019/8/27, 87, 55, 40, 13, 5, 6
2019/8/28, 73, 59, 35, 11, 4, 5
2019/8/29, 80, 52, 48, 11, 4, 6
2019/8/30, 87, 67, 39, 11, 4, 6
2019/8/31, 123, 57, 11, 21, 4, 9
2019/9/1, 78, 51, 30, 12, 4, 7
2019/9/2, 93, 66, 23, 11, 4, 7
2019/9/3, 135, 88, 35, 14, 4, 8
2019/9/4, 161, 46, 23, 9, 5, 6
2019/9/5, 83, 50, 14, 13, 5, 6
2019/9/6, 79, 49, , 12, 4, 6
2019/9/7, 71, 51, , 12, 4, 5
2019/9/8, 84, 80, 26, 11, 5, 6
2019/9/9, 135, 82, 42, 13, 5, 7
2019/9/10, 143, 95, 44, 16, 6, 7
2019/9/11, 150, 80, 28, 13, 5, 6
2019/9/12, 134, 52, 31, 11, 4, 5
2019/9/13, 84, 51, 62, 11, 5, 5
2019/9/14, 88, , , , , 
2019/9/16, 131, 74, 33, 11, 5, 6
2019/9/17, 109, 65, 47, 10, 5, 1
2019/9/18, 96, 36, 26, 8, 5, 2
2019/9/19, 53, 56, 29, 11, 5, 3
2019/9/20, 81, 50, 38, 8, 4, 4
2019/9/21, 80, 43, 21, 12, 4, 4
2019/9/22, 70, 37, 43, 10, 4, 4
2019/9/23, 67, 62, 38, 8, 5, 4
2019/9/24, 81, 51, 47, , 4, 5
2019/9/25, 73, 40, 19, 9, 4, 5
2019/9/26, 49, 36, 21, 7, 4, 6
2019/9/27, 37, 36, 19, 8, 4, 5
2019/9/28, 44, 31, 27, 6, 4, 6
2019/9/29, 36, 38, 26, 5, 3, 3
2019/9/30, 56, 56, 34, 7, 3, 6
2019/1/1, 244, 255, 50, 36, 4, 15
2019/1/2, 312, 201, 28, 21, 3, 13
2019/1/3, 287, 145, 15, 20, 3, 12
2019/1/4, 214, 270, 32, 36, 3, 20
2019/1/5, 309, 117, 35, 20, 3, 7
2019/1/6, 208, 106, 27, 18, 3, 7
2019/1/7, 191, 120, 31, 16, 3, 7
2019/1/8, 213, 132, 21, 18, 3, 6
2019/1/9, 217, 102, 10, 19, 2, 6
2019/1/10, 178, 173, , 35, 3, 14
2019/1/11, 253, 209, 2, 32, 4, 13
2019/1/12, 287, 234, , 30, 4, 12
2019/1/13, 329, 96, , 15, 4, 4
2019/1/14, 174, 109, , 18, 6, 5
2019/1/15, 193, 148, , 31, 4, 10
2019/1/16, 227, 332, , 33, 7, 23
2019/1/17, 395, 132, , 23, 4, 8
2019/1/18, 213, 132, 10, 27, 3, 11
2019/1/19, 212, 224, 24, 40, 6, 18
2019/1/20, 276, 129, 39, 30, 4, 8
2019/1/21, 188, 52, 38, 14, 3, 2
2019/1/22, 130, 80, 33, 17, 3, 6
2019/1/23, 162, 113, 52, 18, 4, 6
2019/1/24, 200, 82, 58, 11, 4, 2
2019/1/25, 158, 93, 73, 12, 3, 3
2019/1/26, 163, 103, 52, 20, 5, 5
2019/1/27, 193, 120, 86, 14, 8, 
2019/1/28, 211, 115, 87, 17, 9, 
2019/1/29, 203, 114, 89, 22, 6, 
2019/1/30, 201, 215, 52, 29, 3, 3
2019/1/31, 255, 135, 24, 17, 6, 4
2019/2/1, 236, 145, 32, 14, 4, 3
2019/2/2, 229, 110, 29, 11, 4, 3
2019/2/3, 181, 68, 52, 19, 2, 4
2019/2/4, 159, 181, 76, 33, 3, 12
2019/2/5, 239, 127, 49, 23, 3, 6
2019/2/6, 205, 67, 31, 9, 2, 1
2019/2/7, 145, 89, 42, 16, 4, 1
2019/2/8, 132, 98, 46, 12, 6, 2
2019/2/9, 172, 97, 48, 20, 4, 3
2019/2/10, 173, 104, 61, 20, 4, 4
2019/2/11, 187, 135, 81, 20, 8, 5
2019/2/12, 221, 164, 81, 28, 5, 8
2019/2/13, 236, 127, 30, 25, 4, 5
2019/2/14, 212, 90, 22, 13, 5, 3
2019/2/15, 183, 104, 28, 10, 7, 3
2019/2/16, 186, 90, 43, 13, 8, 2
2019/2/17, 163, 101, 44, 18, 5, 3
2019/2/18, 172, 100, 41, 17, 5, 4
2019/2/19, 169, 140, 9, 32, 5, 10
2019/2/20, 184, 85, 39, 21, 6, 3
2019/2/21, 130, 68, 28, 10, 4, 1
2019/2/22, 136, 81, 42, 12, 8, 1
2019/2/23, 147, 114, 42, 18, 12, 2
2019/2/24, 211, 65, 60, 17, 5, 1
2019/2/25, 115, 80, 32, 27, 6, 3
2019/2/26, 139, 70, 35, 16, 12, 1
2019/2/27, 152, 137, 3, 34, 10, 
2019/2/28, 203, 97, 46, 19, 6, 2
2019/3/1, 159, 112, 16, 27, 8, 4
2019/3/2, 206, 65, 36, 18, 3, 3
2019/3/3, 135, 72, 34, 13, 6, 3
2019/3/4, 152, 75, 35, 13, 6, 2
2019/3/5, 137, 84, 47, 15, 5, 2
2019/3/6, 150, 85, 53, 17, 6, 3
2019/3/7, 142, 118, 45, 21, 9, 5
2019/3/8, 172, 85, 44, 13, 10, 2
2019/3/9, 141, 90, 56, 16, 9, 3
2019/3/10, 148, 116, 56, 22, 7, 4
2019/3/11, 145, 93, 47, 13, 11, 2
2019/3/12, 154, 137, 47, 22, 18, 3
2019/3/13, 177, 132, 29, 18, 11, 4
2019/3/14, 183, 80, 42, 11, 7, 2
2019/3/15, 137, 88, 50, 12, 9, 2
2019/3/16, 156, 93, 52, 15, 11, 2
2019/3/17, 158, 100, 56, 15, 12, 3
2019/3/18, 162, 95, 47, 20, 9, 4
2019/3/19, 144, 117, 48, 17, 11, 4
2019/3/20, 148, 104, 58, 9, 14, 3
2019/3/21, 172, 71, 47, 7, 7, 1
2019/3/22, 108, 94, 51, 10, 15, 2
2019/3/23, 143, 73, 43, 8, 10, 1
2019/3/24, 127, 86, 42, 9, 15, 2
2019/3/25, 147, 98, 50, 12, 14, 3
2019/3/26, 163, 78, 58, 14, 8, 2
2019/3/27, 135, 91, 59, 17, 10, 3
2019/3/28, 138, 118, 64, 20, 13, 6
2019/3/29, 176, 110, 77, 18, 13, 4
2019/3/30, 161, 94, 53, 10, 12, 2
2019/3/31, 131, , , , , 
2018/10/1, 120, 85, 19, 6, 1, 10
2018/10/2, 114, 74, 21, 5, 2, 9
2018/10/3, 99, 117, 21, 6, 3, 11
2018/10/4, 149, 130, 12, 9, 5, 13
2018/10/5, 168, 96, 7, 7, 3, 11
2018/10/6, 135, 105, 19, 6, 3, 10
2018/10/7, 139, 139, 3, 11, 4, 14
2018/10/8, 169, 159, 11, 15, 7, 15
2018/10/9, 174, 135, 5, 9, 3, 13
2018/10/10, 165, 117, 14, 9, 2, 12
2018/10/11, 146, 92, 2, 8, 4, 10
2018/10/12, 133, 103, 2, 5, 4, 10
2018/10/13, 150, 105, 2, 6, 2, 11
2018/10/14, 150, 140, 2, 9, 3, 12
2018/10/15, 164, 176, 3, 13, 3, 18
2018/10/16, 177, 126, 2, 6, 3, 11
2018/10/17, 141, 150, 2, 9, 3, 14
2018/10/18, 166, 145, 1, 7, 4, 13
2018/10/19, 178, 167, 1, 7, 7, 13
2018/10/20, 216, 142, 2, 6, 7, 12
2018/10/21, 194, 119, 2, 6, 2, 11
2018/10/22, 159, 125, 3, 8, 5, 12
2018/10/23, 163, 205, 3, 13, 5, 16
2018/10/24, 192, 245, 4, 17, 7, 22
2018/10/25, 229, 267, 4, 12, 6, 20
2018/10/26, 260, 182, 3, 10, 8, 17
2018/10/27, 239, 164, 89, 6, 5, 14
2018/10/28, 226, 169, 76, 7, 3, 15
2018/10/29, 234, 205, 77, 14, 4, 15
2018/10/30, 253, 223, 105, 22, 7, 17
2018/10/31, 261, 246, 126, 21, 5, 16
2018/11/1, 267, 205, 107, 23, 9, 16
2018/11/2, 237, 158, 85, 16, 5, 10
2018/11/3, 207, 109, 78, 7, 4, 7
2018/11/4, 173, 213, 59, 7, 4, 11
2018/11/5, 308, 156, 55, 4, 3, 7
2018/11/6, 228, 128, 62, 4, 4, 9
2018/11/7, 174, 189, 50, 8, 6, 9
2018/11/8, 271, 201, 62, 5, 4, 12
2018/11/9, 284, 234, 67, 11, 5, 15
2018/11/10, 299, 225, , 12, 5, 19
2018/11/11, 276, 269, , 14, 5, 15
2018/11/12, 276, 263, 6, 17, 5, 21
2018/11/13, 280, 118, 13, 13, 3, 13
2018/11/14, 187, 98, 27, 10, 4, 7
2018/11/15, 173, 125, 47, 3, 3, 27
2018/11/16, 217, 112, 72, 3, 3, 31
2018/11/17, 185, 148, 90, 7, 5, 12
2018/11/18, 201, 164, 95, 5, 4, 10
2018/11/19, 202, 215, 76, 7, 6, 12
2018/11/20, 279, 160, 50, 3, 4, 10
2018/11/21, 235, 115, 48, 4, 4, 9
2018/11/22, 182, 130, 52, 3, 3, 8
2018/11/23, 204, 111, 40, 1, 3, 23
2018/11/24, 165, 116, 53, 3, 4, 25
2018/11/25, 174, 139, 62, 3, 4, 25
2018/11/26, 201, 165, 38, 5, 4, 12
2018/11/27, 215, 161, 49, 4, 4, 23
2018/11/28, 206, 134, 45, 3, 3, 12
2018/11/29, 208, 139, 37, 15, 3, 12
2018/11/30, 213, 122, 45, 23, 2, 7
2018/12/1, 188, 117, 51, 23, 5, 7
2018/12/2, 178, 131, 54, 18, 4, 8
2018/12/3, 196, 133, 56, 23, 4, 9
2018/12/4, 203, 142, 45, 40, 4, 5
2018/12/5, 200, 146, 53, 27, 5, 10
2018/12/6, 213, 148, 47, 19, 5, 10
2018/12/7, 222, 148, 47, 27, 4, 12
2018/12/8, 217, 179, 51, 23, 5, 17
2018/12/9, 236, 251, 39, 24, 6, 21
2018/12/10, 293, 233, 41, 22, 4, 17
2018/12/11, 297, 184, 35, 18, 4, 14
2018/12/12, 261, 87, 32, 14, 4, 10
2018/12/13, 171, 84, 30, 12, 3, 5
2018/12/14, 171, 92, 33, 11, 2, 6
2018/12/15, 177, 101, 36, 11, , 5
2018/12/16, 182, 119, 40, 12, 4, 8
2018/12/17, 207, 132, 44, 12, 7, 6
2018/12/18, 225, 136, 32, 18, 4, 6
2018/12/19, 203, 155, 36, 26, 2, 8
2018/12/20, 220, 147, 35, 26, 1, 9
2018/12/21, 228, 140, 54, 29, 3, 9
2018/12/22, 233, 257, 52, 38, 3, 17
2018/12/23, 328, 235, 46, 29, 4, 20
2018/12/24, 335, 164, 38, 24, 2, 10
2018/12/25, 262, 116, 43, 23, 2, 9
2018/12/26, 202, 196, 39, 29, 4, 
2018/12/27, 269, 166, 39, 22, 3, 
2018/12/28, 258, 135, 43, 24, 7, 9
2018/12/29, 207, 143, 43, 26, 4, 9
2018/12/30, 220, , , , , 
2018/7/1, 71, 56, 32, 5, 2, 8
2018/7/2, 63, 87, 72, 13, 3, 18
2018/7/3, 111, 79, 41, 10, 2, 20
2018/7/4, 101, 77, 34, 11, 2, 41
2018/7/5, 105, 92, 40, 8, 2, 46
2018/7/6, 119, 98, 58, 10, 2, 40
2018/7/7, 132, 105, 65, 14, 4, 23
2018/7/8, 125, 135, 76, 12, 2, 41
2018/7/9, 154, 112, 51, 9, 1, 28
2018/7/10, 125, 80, 29, 9, 2, 30
2018/7/11, 92, 70, 29, 7, 2, 22
2018/7/12, 73, 41, 24, 10, 1, 25
2018/7/13, 68, 54, 18, 17, 1, 33
2018/7/14, 90, 50, 21, 11, 1, 23
2018/7/15, 70, 51, 13, 10, 1, 22
2018/7/16, 78, 62, 24, 11, 1, 36
2018/7/17, 90, 69, 18, 13, 1, 26
2018/7/18, 98, 57, 23, 11, 2, 35
2018/7/19, 93, 42, 22, 8, 2, 10
2018/7/20, 67, 59, 20, 15, 1, 16
2018/7/21, 118, 30, 13, 7, 1, 13
2018/7/22, 48, 45, 13, 9, 2, 8
2018/7/23, 94, 62, 19, 12, 1, 13
2018/7/24, 103, 23, 5, 4, 1, 9
2018/7/25, 49, 33, 3, 5, 1, 8
2018/7/26, 61, 11, 12, 5, 1, 9
2018/7/27, 41, 32, 20, 4, 1, 12
2018/7/28, 57, 59, 23, 4, 2, 20
2018/7/29, 70, 70, 20, 5, 1, 17
2018/7/30, 73, 92, 22, 6, 2, 7
2018/7/31, 87, 111, 26, 5, 2, 14
2018/8/1, 87, 150, 27, 5, 2, 22
2018/8/2, 117, 143, 26, 5, 1, 9
2018/8/3, 101, 161, 28, 7, 3, 15
2018/8/4, 110, 141, 21, 6, 3, 14
2018/8/5, 99, 93, 55, 20, 2, 14
2018/8/6, 113, 69, 47, 13, 2, 13
2018/8/7, 109, 37, 27, 8, 2, 9
2018/8/8, 68, 59, 33, 11, 1, 11
2018/8/9, 88, 63, 30, 12, 1, 8
2018/8/10, 95, 44, 28, 5, 2, 6
2018/8/11, 55, 45, 25, 6, 2, 7
2018/8/12, 43, 58, 15, 9, 1, 11
2018/8/13, 64, 65, 13, 11, 2, 16
2018/8/14, 90, 70, 18, 11, 1, 9
2018/8/15, 85, 47, 19, 13, 1, 9
2018/8/16, 77, 58, 15, 16, 1, 10
2018/8/17, 85, 52, 7, 18, 2, 8
2018/8/18, 79, 57, 20, 16, 2, 11
2018/8/19, 112, 71, 41, 14, 1, 13
2018/8/20, 137, 46, 25, 10, 1, 10
2018/8/21, 79, 38, 18, 10, 2, 11
2018/8/22, 68, 27, 8, 6, 1, 11
2018/8/23, 51, 31, 9, 6, 1, 12
2018/8/24, 31, 30, 8, 4, 1, 5
2018/8/25, 29, 46, 13, 6, , 7
2018/8/26, 45, 43, 19, 11, 1, 8
2018/8/27, 73, 27, 11, 10, 1, 12
2018/8/28, 58, 19, 12, 8, 1, 7
2018/8/29, 43, 38, 16, 8, 2, 10
2018/8/30, 59, 74, 11, 6, 2, 10
2018/8/31, 81, 50, 8, 7, 2, 10
2018/9/1, 61, 37, 14, 7, 2, 10
2018/9/2, 64, 49, 17, 13, 2, 12
2018/9/3, 102, 41, 16, 10, 2, 
2018/9/4, 90, 44, 8, 5, 2, 7
2018/9/5, 56, 61, 31, 6, 2, 7
2018/9/6, 60, 29, 66, 8, 1, 10
2018/9/7, 57, 43, 33, 12, 1, 12
2018/9/8, 68, 22, 38, 8, 1, 10
2018/9/9, 45, 48, 47, 9, 1, 11
2018/9/10, 76, 26, 29, 5, 1, 9
2018/9/11, 40, 46, 28, 4, 1, 9
2018/9/12, 46, 47, 29, 5, 2, 9
2018/9/13, 37, 68, 28, 8, 1, 9
2018/9/14, 62, 60, 36, 7, 1, 9
2018/9/15, 62, 70, 38, 8, 1, 9
2018/9/16, 89, 106, 65, 6, 2, 9
2018/9/17, 131, 94, 75, 8, 2, 9
2018/9/18, 112, 95, 77, 8, 2, 10
2018/9/19, 123, 96, 101, 9, 2, 11
2018/9/20, 137, 76, 32, 13, 2, 11
2018/9/21, 95, 32, 21, 9, 2, 9
2018/9/22, 61, 36, 23, 7, 2, 7
2018/9/23, 76, 14, 19, 5, , 10
2018/9/24, 37, 12, 25, 4, , 8
2018/9/25, 28, 31, 42, 5, 1, 8
2018/9/26, 60, 71, 38, 5, 3, 9
2018/9/27, 95, 86, 29, 8, 3, 12
2018/9/28, 128, 94, 19, 7, 3, 12
2018/9/29, 155, 79, 4, 8, 3, 11
2018/9/30, 148, 86, 28, 6, 3, 10
2018/4/1, 136, 128, 89, 15, 2, 5
2018/4/2, 151, 153, 78, 16, 2, 6
2018/4/3, 157, 137, 73, 15, 3, 5
2018/4/4, 153, 235, 82, 9, 8, 6
2018/4/5, 207, 116, 82, 12, 3, 7
2018/4/6, 136, 85, 78, 9, 1, 10
2018/4/7, 103, 87, 89, 7, 1, 14
2018/4/8, 116, 81, 56, 8, 1, 12
2018/4/9, 107, 198, 112, 11, 2, 8
2018/4/10, 163, 91, 65, 6, 2, 3
2018/4/11, 110, 104, 72, 9, 4, 3
2018/4/12, 118, 193, 89, 10, 7, 8
2018/4/13, 167, 136, 85, 14, 3, 10
2018/4/14, 119, 183, 106, 11, 5, 8
2018/4/15, 166, 201, 96, 13, 3, 5
2018/4/16, 163, 148, 70, 9, 2, 9
2018/4/17, 117, 167, 66, 6, 2, 4
2018/4/18, 113, 221, 70, 8, 4, 7
2018/4/19, 148, 378, 42, 11, 2, 8
2018/4/20, 153, 420, 67, 5, 4, 20
2018/4/21, 176, 187, 79, 6, 4, 15
2018/4/22, 137, 165, 90, 10, 6, 18
2018/4/23, 124, 198, 100, 10, 5, 9
2018/4/24, 166, 158, 69, 16, 2, 13
2018/4/25, 143, 219, 105, 15, 3, 12
2018/4/26, 157, 205, 99, 11, 3, 11
2018/4/27, 165, 192, 101, 7, 3, 10
2018/4/28, 156, 166, 97, 7, 3, 10
2018/4/29, 157, 145, 108, 9, 2, 12
2018/4/30, 151, 112, 81, 5, 1, 17
2018/5/1, 127, 106, 78, 5, 1, 120
2018/5/2, 126, 82, 50, 8, 2, 32
2018/5/3, 101, 91, 80, 10, 15, 15
2018/5/4, 124, 112, 85, 11, 2, 14
2018/5/5, 143, 218, 57, 18, 3, 20
2018/5/6, 178, 261, 83, 9, 3, 11
2018/5/7, 170, 165, 63, , 1, 6
2018/5/8, 103, 105, 89, 8, 1, 9
2018/5/9, 117, 115, 109, 11, 2, 10
2018/5/10, 168, 184, 110, 17, 3, 14
2018/5/11, 193, 234, 101, 15, 5, 14
2018/5/12, 193, , , , , 
2018/5/14, 122, 111, 102, 10, 3, 10
2018/5/15, 145, 133, 79, 6, 2, 7
2018/5/16, 142, 226, 98, 6, 3, 8
2018/5/17, 172, 133, 105, 9, 3, 8
2018/5/18, 157, 178, 87, 24, 10, 12
2018/5/19, 173, 121, 79, 11, 9, 10
2018/5/20, 145, 134, 86, 11, 12, 9
2018/5/21, 146, 163, 103, 17, 14, 11
2018/5/22, 172, 229, 107, 28, 9, 15
2018/5/23, 182, 189, 104, 16, 18, 11
2018/5/24, 206, 147, 102, 19, 12, 14
2018/5/25, 203, 126, 96, 18, 10, 10
2018/5/26, 152, 201, 75, 18, 9, 11
2018/5/27, 177, 212, 17, 28, 19, 10
2018/5/28, 289, 222, 66, 25, 7, 6
2018/5/29, 133, 299, 45, 9, 5, 9
2018/5/30, 158, 147, 59, 12, 4, 11
2018/5/31, 121, 167, 77, 15, 5, 10
2018/6/1, 151, , , , , 
2018/6/3, 136, 129, 53, 13, 5, 10
2018/6/4, 143, 150, 48, 14, 4, 10
2018/6/5, 122, 132, 46, 20, 8, 13
2018/6/6, 145, 122, 71, 23, 7, 13
2018/6/7, 147, 165, 43, 15, 5, 11
2018/6/8, 144, 129, 37, 15, 4, 10
2018/6/9, 115, 98, 22, 18, 4, 11
2018/6/10, 136, 139, 41, 24, 5, 10
2018/6/11, 138, 443, 26, 21, 6, 9
2018/6/12, 144, 999, 18, 13, 7, 7
2018/6/13, 270, 829, 21, 11, 5, 8
2018/6/14, 207, 588, 23, 10, 3, 7
2018/6/15, 156, 302, 21, 12, 5, 8
2018/6/16, 132, 269, 29, 14, 4, 9
2018/6/17, 138, 88, 35, 15, 4, 9
2018/6/18, 95, 97, 40, 12, 6, 8
2018/6/19, 103, 128, 40, 12, 6, 8
2018/6/20, 106, 270, 59, 13, 10, 9
2018/6/21, 136, 129, 52, 16, 6, 10
2018/6/22, 128, 158, 54, 20, 11, 12
2018/6/23, 137, 125, 62, 7, 9, 9
2018/6/24, 115, 183, 41, 6, 6, 9
2018/6/25, 108, 106, 36, 6, 4, 9
2018/6/26, 90, 64, 47, 11, 3, 10
2018/6/27, 94, 23, 25, 10, , 10
2018/6/28, 48, 43, 25, 10, 2, 9
2018/6/29, 78, 40, 23, 8, 1, 10
2018/6/30, 81, 38, 19, 6, 1, 9
2018/1/20, 237, , , , , 
2018/1/23, 209, 140, , , , 
2018/1/24, 207, 94, 12, 7, 1, 4
2018/1/25, 160, 85, 9, 9, , 6
2018/1/26, 173, 138, 19, 8, , 6
2018/1/27, 213, 101, 19, 9, 2, 7
2018/1/28, 172, 103, 19, 10, 3, 6
2018/1/29, 176, 146, 20, 10, 3, 5
2018/1/30, 226, 163, 19, 9, 3, 5
2018/1/31, 238, 126, 35, 11, 3, 4
2018/2/1, 197, 126, 37, 11, 1, 5
2018/2/2, 190, 133, 45, 11, 2, 3
2018/2/3, 196, 154, 49, 10, 3, 4
2018/2/4, 231, 127, 41, 9, 2, 4
2018/2/5, 190, 139, 41, 10, 2, 6
2018/2/6, 210, 131, 52, 9, 3, 4
2018/2/7, 206, 132, 50, 10, 3, 5
2018/2/8, 204, 124, 57, 10, 2, 7
2018/2/9, 197, 194, 89, 15, 2, 8
2018/2/10, 236, 163, 43, 13, 2, 7
2018/2/11, 200, 92, 31, 6, 1, 4
2018/2/12, 158, 89, 39, 10, 1, 4
2018/2/13, 172, 96, 36, 7, 2, 3
2018/2/14, 154, 127, 45, 6, 4, 3
2018/2/15, 210, 104, 41, 7, 4, 3
2018/2/16, 174, 115, 45, 8, 2, 4
2018/2/17, 181, 116, 53, 9, 1, 4
2018/2/18, 181, 113, 60, 11, 1, 5
2018/2/19, 176, 115, 64, 11, 2, 5
2018/2/20, 178, 151, 79, 13, 2, 7
2018/2/21, 184, 206, 48, 10, 7, 6
2018/2/22, 228, 178, 55, 12, 3, 8
2018/2/23, 203, 186, 58, 15, 2, 10
2018/2/24, 195, 150, 42, 8, 4, 5
2018/2/25, 195, 100, 41, 5, 1, 3
2018/2/26, 150, 106, 45, 6, 3, 3
2018/2/27, 165, 115, 51, 7, 2, 5
2018/2/28, 173, 134, 46, 7, 3, 5
2018/3/1, 182, 113, 52, 8, 2, 6
2018/3/2, 170, 103, 41, 5, 2, 4
2018/3/3, 157, 99, 34, 6, 2, 4
2018/3/4, 153, 104, 47, 6, 2, 4
2018/3/5, 148, 104, 47, 6, 4, 3
2018/3/6, 157, 106, 56, 7, 3, 3
2018/3/7, 157, 107, 93, 9, 5, 5
2018/3/8, 156, 114, 59, 6, 3, 3
2018/3/9, 146, 92, 45, 7, 2, 2
2018/3/10, 117, 107, 50, 7, 2, 3
2018/3/11, 134, 156, 52, 8, 5, 5
2018/3/12, 171, 117, 53, 13, 3, 4
2018/3/13, 136, 174, 42, 16, 3, 5
2018/3/14, 149, 148, 32, 13, 2, 4
2018/3/15, 131, 135, 50, 10, 3, 5
2018/3/16, 145, 143, 53, 7, 6, 4
2018/3/17, 188, , , , , 
2018/3/19, 144, 153, 63, 12, 5, 5
2018/3/20, 152, 202, 57, 11, 6, 7
2018/3/21, 202, 143, 49, 6, 6, 4
2018/3/22, 173, 130, 47, 6, 4, 4
2018/3/23, 165, 147, 52, 8, 4, 4
2018/3/24, 173, 138, 55, 6, 4, 4
2018/3/25, 159, 138, 60, 7, 7, 4
2018/3/26, 163, 136, 48, 11, 2, 4
2018/3/27, 144, 135, 58, 14, 3, 4
2018/3/28, 133, 125, 59, 6, 4, 3
2018/3/29, 137, 146, 54, 9, 3, 5
2018/3/30, 146, 183, 77, 8, 2, 4
2018/3/31, 158, 120, 74, 11, 1, 5
2022/2/14, , 110, , 9, 1, 9
2022/2/19, , 80, 26, 3, 1, 4
2022/1/4, , 135, 6, 11, , 7
2021/4/18, , 111, 19, 4, 2, 5
2021/1/3, , 60, 20, 13, 1, 9
2021/3/29, , 508, 17, 2, , 3
2020/8/16, , 48, 4, 4, 5, 11
2020/4/7, , 74, 28, 3, 4, 2
2020/4/29, , 93, 11, 6, 5, 6
2020/5/3, , 55, 14, 4, 4, 3
2019/12/31, , 226, 23, 20, 3, 19
2020/3/8, , 72, 31, 7, 6, 3
2019/6/30, , 72, 54, 7, 7, 4
2019/9/15, , 78, 39, 8, 5, 5
2018/12/31, , 171, 42, 29, 4, 11
2018/5/13, , 110, 94, 10, 2, 9
2018/6/2, , 106, 67, 17, 7, 11
2018/1/19, , 181, , , , 
2018/1/22, , 134, , , , 
2018/3/18, , 96, 70, 5, 3, 2